ID,name,createdAt,createdBy,modifiedAt,modifiedBy
16027964-e3ff-43c5-9bf3-2b982199a00e,name-16027964,2011-02-24T23:00:00.000Z,createdBy.9jj98@example.org,2011-01-25T23:00:00.000Z,modifiedBy.9jj98@example.com
36635854-3567-489d-87b6-7d9a139341b2,name-3663585,2022-06-07T23:00:00.000Z,createdBy.26iu9@example.org,2017-01-31T23:00:00.000Z,modifiedBy.26iu9@example.com
36635868-4614-4bed-bbdc-48071aaba5a0,name-3663586,2005-12-21T23:00:00.000Z,createdBy.26iua@example.net,2007-09-20T23:00:00.000Z,modifiedBy.26iua@example.org
3663587a-d091-45e4-b178-fbee81416443,name-3663587,2005-10-07T23:00:00.000Z,createdBy.26iub@example.net,2013-09-28T23:00:00.000Z,modifiedBy.26iub@example.net
36635880-eced-40a6-8476-8addc80312b5,name-3663588,2022-03-17T23:00:00.000Z,createdBy.26iuc@example.org,2010-10-05T23:00:00.000Z,modifiedBy.26iuc@example.net
3663589d-6676-4069-8867-143d4e28ba63,name-3663589,2019-02-25T23:00:00.000Z,createdBy.26iud@example.com,2010-02-07T23:00:00.000Z,modifiedBy.26iud@example.com
36635903-7c2b-4e6d-afc3-02fbd2cd704f,name-3663590,2017-04-12T23:00:00.000Z,createdBy.26iue@example.net,2016-01-01T23:00:00.000Z,modifiedBy.26iue@example.com
36635913-272f-45e5-9f7d-54bdb65106ba,name-3663591,2001-04-28T23:00:00.000Z,createdBy.26iuf@example.com,2011-10-11T23:00:00.000Z,modifiedBy.26iuf@example.com
36635923-1b50-496b-9dca-04d3802411ff,name-3663592,2002-03-19T23:00:00.000Z,createdBy.26iug@example.org,2018-10-26T23:00:00.000Z,modifiedBy.26iug@example.org
3663593a-440d-402d-80a1-7221b8b2bada,name-3663593,2007-11-07T23:00:00.000Z,createdBy.26iuh@example.net,2000-01-03T23:00:00.000Z,modifiedBy.26iuh@example.com
36635942-f9e2-4989-9522-750018f1b70f,name-3663594,2011-11-01T23:00:00.000Z,createdBy.26iui@example.org,2019-07-05T23:00:00.000Z,modifiedBy.26iui@example.net
3663595e-dd6b-4add-b02e-f9d657434cb1,name-3663595,2003-07-31T23:00:00.000Z,createdBy.26iuj@example.com,2019-08-17T23:00:00.000Z,modifiedBy.26iuj@example.org
36635963-48ec-4374-b348-10b99600fe06,name-3663596,2004-12-04T23:00:00.000Z,createdBy.26iuk@example.org,2020-05-02T23:00:00.000Z,modifiedBy.26iuk@example.net
3663597e-63a6-4773-b937-20f0527cf068,name-3663597,2000-10-20T23:00:00.000Z,createdBy.26iul@example.net,2000-09-18T23:00:00.000Z,modifiedBy.26iul@example.net
36635982-cc60-4cd1-98f2-9c080d0b22f8,name-3663598,2018-07-10T23:00:00.000Z,createdBy.26ium@example.org,2007-09-17T23:00:00.000Z,modifiedBy.26ium@example.net